Workbook

Sheet Dashboard
B2: THRUM — VEGAN PLATE TRACKER
B3: High-protein, high-calcium vegan cut · 1.6 g/kg protein
B5: TARGETS
B6: Calorie target (kcal) | C6: 1300
B7: Calorie min | C7: 1200
B8: Calorie max | C8: 1400
B9: Protein target (g) | C9: 107
B10: Calcium target (mg) | C10: 1000
B11: Bodyweight (kg) | C11: 67
B12: Goal weight (kg)
B13: Blue cells are inputs — edit freely.
B15: 7-DAY / OVERALL SUMMARY
B16: Days logged | C16: =COUNT('Daily Log'!$C$2:$C$400) -> 0
B17: Avg calories (kcal) | C17: =IFERROR(AVERAGE('Daily Log'!$C$2:$C$400),0) -> 0
B18: Avg protein (g) | C18: =IFERROR(AVERAGE('Daily Log'!$D$2:$D$400),0) -> 0
B19: Avg calcium (mg) | C19: =IFERROR(AVERAGE('Daily Log'!$E$2:$E$400),0) -> 0
B20: Latest weight (kg) | C20: =IFERROR(LOOKUP(2,1/('Daily Log'!$B$2:$B$400<>""),'Daily Log'!$B$2:$B$400),"")
B21: Protein goal hit % | C21: =IFERROR(COUNTIF('Daily Log'!$D$2:$D$400,">="&Dashboard!$C$9)/COUNT('Daily Log'!$D$2:$D$400),0) -> 0
B22: Calories in-band % | C22: =IFERROR(COUNTIFS('Daily Log'!$C$2:$C$400,">="&Dashboard!$C$7,'Daily Log'!$C$2:$C$400,"<="&Dashboard!$C$8)/COUNT('Daily Log'!$C$2:$C$400),0) -> 0
B23: Calcium goal hit % | C23: =IFERROR(COUNTIF('Daily Log'!$E$2:$E$400,">="&Dashboard!$C$10)/COUNT('Daily Log'!$E$2:$E$400),0) -> 0
B25: Weight & calorie trend (from Daily Log) ↓

Sheet Daily Log
A1: Date | B1: Weight (kg) | C1: Calories | D1: Protein (g) | E1: Calcium (mg) | F1: Water (L) | G1: Training | H1: Protein hit | I1: Cals in band | J1: 7-day wt avg | K1: Notes
A2: 46170 | H2: =IF(D2="","",IF(D2>=Dashboard!$C$9,"✓","✗")) | I2: =IF(C2="","",IF(AND(C2>=Dashboard!$C$7,C2<=Dashboard!$C$8),"✓","✗")) | J2: =IFERROR(AVERAGE(B2:B2),"")
A3: 46171 | H3: =IF(D3="","",IF(D3>=Dashboard!$C$9,"✓","✗")) | I3: =IF(C3="","",IF(AND(C3>=Dashboard!$C$7,C3<=Dashboard!$C$8),"✓","✗")) | J3: =IFERROR(AVERAGE(B2:B3),"")
A4: 46172 | H4: =IF(D4="","",IF(D4>=Dashboard!$C$9,"✓","✗")) | I4: =IF(C4="","",IF(AND(C4>=Dashboard!$C$7,C4<=Dashboard!$C$8),"✓","✗")) | J4: =IFERROR(AVERAGE(B2:B4),"")
A5: 46173 | H5: =IF(D5="","",IF(D5>=Dashboard!$C$9,"✓","✗")) | I5: =IF(C5="","",IF(AND(C5>=Dashboard!$C$7,C5<=Dashboard!$C$8),"✓","✗")) | J5: =IFERROR(AVERAGE(B2:B5),"")
A6: 46174 | H6: =IF(D6="","",IF(D6>=Dashboard!$C$9,"✓","✗")) | I6: =IF(C6="","",IF(AND(C6>=Dashboard!$C$7,C6<=Dashboard!$C$8),"✓","✗")) | J6: =IFERROR(AVERAGE(B2:B6),"")
A7: 46175 | H7: =IF(D7="","",IF(D7>=Dashboard!$C$9,"✓","✗")) | I7: =IF(C7="","",IF(AND(C7>=Dashboard!$C$7,C7<=Dashboard!$C$8),"✓","✗")) | J7: =IFERROR(AVERAGE(B2:B7),"")
A8: 46176 | H8: =IF(D8="","",IF(D8>=Dashboard!$C$9,"✓","✗")) | I8: =IF(C8="","",IF(AND(C8>=Dashboard!$C$7,C8<=Dashboard!$C$8),"✓","✗")) | J8: =IFERROR(AVERAGE(B2:B8),"")
A9: 46177 | H9: =IF(D9="","",IF(D9>=Dashboard!$C$9,"✓","✗")) | I9: =IF(C9="","",IF(AND(C9>=Dashboard!$C$7,C9<=Dashboard!$C$8),"✓","✗")) | J9: =IFERROR(AVERAGE(B3:B9),"")
A10: 46178 | H10: =IF(D10="","",IF(D10>=Dashboard!$C$9,"✓","✗")) | I10: =IF(C10="","",IF(AND(C10>=Dashboard!$C$7,C10<=Dashboard!$C$8),"✓","✗")) | J10: =IFERROR(AVERAGE(B4:B10),"")
A11: 46179 | H11: =IF(D11="","",IF(D11>=Dashboard!$C$9,"✓","✗")) | I11: =IF(C11="","",IF(AND(C11>=Dashboard!$C$7,C11<=Dashboard!$C$8),"✓","✗")) | J11: =IFERROR(AVERAGE(B5:B11),"")
A12: 46180 | H12: =IF(D12="","",IF(D12>=Dashboard!$C$9,"✓","✗")) | I12: =IF(C12="","",IF(AND(C12>=Dashboard!$C$7,C12<=Dashboard!$C$8),"✓","✗")) | J12: =IFERROR(AVERAGE(B6:B12),"")
A13: 46181 | H13: =IF(D13="","",IF(D13>=Dashboard!$C$9,"✓","✗")) | I13: =IF(C13="","",IF(AND(C13>=Dashboard!$C$7,C13<=Dashboard!$C$8),"✓","✗")) | J13: =IFERROR(AVERAGE(B7:B13),"")
A14: 46182 | H14: =IF(D14="","",IF(D14>=Dashboard!$C$9,"✓","✗")) | I14: =IF(C14="","",IF(AND(C14>=Dashboard!$C$7,C14<=Dashboard!$C$8),"✓","✗")) | J14: =IFERROR(AVERAGE(B8:B14),"")
A15: 46183 | H15: =IF(D15="","",IF(D15>=Dashboard!$C$9,"✓","✗")) | I15: =IF(C15="","",IF(AND(C15>=Dashboard!$C$7,C15<=Dashboard!$C$8),"✓","✗")) | J15: =IFERROR(AVERAGE(B9:B15),"")
A16: 46184 | H16: =IF(D16="","",IF(D16>=Dashboard!$C$9,"✓","✗")) | I16: =IF(C16="","",IF(AND(C16>=Dashboard!$C$7,C16<=Dashboard!$C$8),"✓","✗")) | J16: =IFERROR(AVERAGE(B10:B16),"")
A17: 46185 | H17: =IF(D17="","",IF(D17>=Dashboard!$C$9,"✓","✗")) | I17: =IF(C17="","",IF(AND(C17>=Dashboard!$C$7,C17<=Dashboard!$C$8),"✓","✗")) | J17: =IFERROR(AVERAGE(B11:B17),"")
A18: 46186 | H18: =IF(D18="","",IF(D18>=Dashboard!$C$9,"✓","✗")) | I18: =IF(C18="","",IF(AND(C18>=Dashboard!$C$7,C18<=Dashboard!$C$8),"✓","✗")) | J18: =IFERROR(AVERAGE(B12:B18),"")
A19: 46187 | H19: =IF(D19="","",IF(D19>=Dashboard!$C$9,"✓","✗")) | I19: =IF(C19="","",IF(AND(C19>=Dashboard!$C$7,C19<=Dashboard!$C$8),"✓","✗")) | J19: =IFERROR(AVERAGE(B13:B19),"")
... A43: 46211 | H43: =IF(D43="","",IF(D43>=Dashboard!$C$9,"✓","✗")) | I43: =IF(C43="","",IF(AND(C43>=Dashboard!$C$7,C43<=Dashboard!$C$8),"✓","✗")) | J43: =IFERROR(AVERAGE(B37:B43),"")

Sheet Meal Reference
B2: MEAL DATABASE
B3: Same foods the generator picks from. Per serving.
B5: Meal | C5: Slot | D5: kcal | E5: Protein g | F5: Calcium mg
B6: 2 flat whites (fortified soy) | C6: Coffee | D6: 200 | E6: 16 | F6: 600
B7: Tofu scramble + wholegrain toast | C7: Breakfast | D7: 270 | E7: 24 | F7: 300
B8: Soy yogurt protein bowl + berries | C8: Breakfast | D8: 280 | E8: 34 | F8: 280
B9: High-protein overnight oats | C9: Breakfast | D9: 300 | E9: 26 | F9: 300
B10: Besan chickpea pancake + yogurt | C10: Breakfast | D10: 260 | E10: 22 | F10: 200
B11: Tofu & kale breakfast hash | C11: Breakfast | D11: 250 | E11: 23 | F11: 350
B12: Tofu poke bowl | C12: Lunch | D12: 380 | E12: 32 | F12: 350
B13: Lentil, kale & tahini salad | C13: Lunch | D13: 340 | E13: 22 | F13: 240
B14: Tempeh hummus wrap | C14: Lunch | D14: 380 | E14: 30 | F14: 180
B15: Edamame & tofu stir-fry | C15: Lunch | D15: 350 | E15: 38 | F15: 420
B16: Chickpea & spinach curry + rice | C16: Lunch | D16: 380 | E16: 24 | F16: 220
B17: Seitan & white bean bowl | C17: Lunch | D17: 360 | E17: 42 | F17: 200
... B30: Tahini rice cakes | C30: Snack | D30: 150 | E30: 5 | F30: 100
